<?xml version="1.0" encoding="UTF-8" standalone="no"?>
<!--
    Document   : feature_sr4stadlerrailbase.xml
    Description: This XML is used by TEM to install or upgrade the "sr4stadlerrailbase" solution.
--><feature>
    <name value="Stadler Rail Base Template"/>
    <property name="feature_name" value="sr4stadlerrailbase"/>
    <group value="package"/>
    <guid value="EDA83762D3C5ABBE21B6A81F563924F8"/>
    <bundle value="${feature_name}Bundle.xml"/>
    <description value="${feature_name}.description"/>
    <include file="dataModelDependency.xml"/>
    <relation>
        <depends name="aws2" value="EF6284519D32B8DADCF0F05213AF807B"/>
        <depends name="activeworkspacebom" value="0F47FD6920230AC9CFDB79C9AC941ADA"/>
        <depends name="cm" value="E9B8A3F6B7B53AE540DCC54C13B3C201"/>
        <depends name="Cm1cmaws" value="B75C673EA57FD9D5EBEF544DE7F07F4E"/>
    </relation>
    <feature>
        <!--  Feature: Data Model -->
        <name value="Data Model"/>
        <property name="feature_id" value="datamodel"/>
        <property name="bmide_optional" value="false"/>
        <property name="template_name" value="${feature_name}"/>
        <property name="template_file" value="${template_name}_template.xml"/>
        <root value="true"/>
        <bundle value="${template_name}Bundle.xml"/>
        <description value="${template_name}.description"/>
        <guid value="2518A611B6F72F0806EA164B613195A4"/>
        <include file="coreDataModel2.xml"/>
        <include file="generatePlmxmlSchema.xml"/>
    </feature>
    <dependencyReferences>
        <reference name="foundation" value="8C061DD51E13E0CB9DC4687B1A3348BE"/>
    </dependencyReferences>
</feature>
