<?xml version='1.0' ?>
<codeFramework xmlns = "http://www.3ds.ic" xmlns:xsi = "http://www.w3.org/2001/XMLSchema-instance" xsi:schemaLocation = "http://www.3ds.ic ICModel.xsd">
  <prerequisite access = "Protected" name = "System"/>
  <prerequisite access = "Public" name = "ObjectModelerBase"/>
  <prerequisite access = "Public" name = "ProductStructure"/>
  <prerequisite access = "Public" name = "ElectricalInterfaces"/>
  <prerequisite access = "Public" name = "MecModInterfaces"/>
  <prerequisite access = "Public" name = "NewTopologicalObjects"/>
  <prerequisite access = "Public" name = "GeometricObjects"/>
  <prerequisite access = "Protected" name = "Mathematics"/>
  <prerequisite access = "Public" name = "ObjectSpecsModeler"/>
  <prerequisite access = "Protected" name = "ElecDeviceItf"/>
  <prerequisite access = "Protected" name = "ElecHarnessItf"/>
  <prerequisite access = "Protected" name = "XMLParser"/>
  <prerequisite access = "Public" name = "ProductStructureInterfaces"/>
  <prerequisite access = "Public" name = "KnowledgeInterfaces"/>
  <prerequisite access = "Public" name = "GSMInterfaces"/>
  <prerequisite access = "Public" name = "InfInterfaces"/>
  <prerequisite access = "Public" name = "ComponentsCatalogsInterfaces"/>
  <prerequisite access = "Public" name = "VisualizationBase"/>
  <prerequisite access = "Public" name = "Visualization"/>
  <prerequisite access = "Protected" name = "ProductStructureUI"/>
  <prerequisite access = "Protected" name = "ApplicationFrame"/>
  <prerequisite access = "Protected" name = "Dialog"/>
  <prerequisite access = "Protected" name = "DialogEngine"/>
  <prerequisite access = "Protected" name = "GeometricOperators"/>
  <prerequisite access = "Protected" name = "BasicTopologicalOpe"/>
  <prerequisite access = "Protected" name = "AutomationInterfaces"/>
  <prerequisite access = "Protected" name = "MeasureGeometryInterfaces"/>
  <prerequisite access = "Protected" name = "InteractiveInterfaces"/>
  <prerequisite access = "Protected" name = "SpaceAnalysisInterfaces"/>
  <prerequisite access = "Protected" name = "CATAssemblyInterfaces"/>
  <prerequisite access = "Protected" name = "ConstraintModelerInterfaces"/>
</codeFramework>
