<?xml version="1.0" encoding="UTF-8" standalone="no"?>
<TcBusinessDataIncludes>
    <include iconfile="SR5ColorDef.png"/>
    <include iconfile="SR5ColorDefRevision.png"/>
    <include iconfile="SR5ColorLibrary.png"/>
    <include iconfile="SR5DocumentRevision.png"/>
    <include iconfile="SR5EngEnvRevision.png"/>
    <include iconfile="SR5ColorLibraryRevision.png"/>
    <include iconfile="SR5ToolRevision.png"/>
    <include iconfile="SR5EleCatPartRevision.png"/>
    <include iconfile="SR5MfgEndItem.png"/>
    <include iconfile="SR5ManufactPart.png"/>
    <include iconfile="SR5MfgMajorAssyRevision.png"/>
    <include iconfile="SR5MfgColorAssy.png"/>
    <include iconfile="SR5EngProject.png"/>
    <include iconfile="SR5Tool.png"/>
    <include iconfile="SR5Document.png"/>
    <include iconfile="SR5Software.png"/>
    <include iconfile="SR5EngEndItem.png"/>
    <include iconfile="SR5ElectricAssy.png"/>
    <include iconfile="SR5EngMajorAssyRevision.png"/>
    <include iconfile="SR5MechCatPart.png"/>
    <include iconfile="SR5MfgMajorAssy.png"/>
    <include iconfile="SR5MfgInstallKit.png"/>
    <include iconfile="SR5EngMajorAssy.png"/>
    <include iconfile="SR5MfgEndItemRevision.png"/>
    <include iconfile="SR5ManufactPartRevision.png"/>
    <include iconfile="SR5EngEnv.png"/>
    <include iconfile="SR5SoftwareRevision.png"/>
    <include iconfile="SR5MechCatPartRevision.png"/>
    <include iconfile="SR5EleCatPart.png"/>
    <include iconfile="SR5MfgInstallKitRevision.png"/>
    <include iconfile="SR5EngArticle.png"/>
    <include iconfile="SR5EngArticleRevision.png"/>
    <include iconfile="SR5EngProjectRevision.png"/>
    <include iconfile="SR5ElectricAssyRevision.png"/>
    <include iconfile="SR5MfgColorAssyRevision.png"/>
    <include iconfile="SR5EngEndItemRevision.png"/>
    <include iconfile="SR5NonERPArticleRevision.png"/>
    <include iconfile="SR5NonERPArticle.png"/>
    <include iconfile="SR5EngInstallLocRevision.png"/>
    <include iconfile="SR5EngInstallLoc.png"/>
    <include iconfile="SR5GenDocument.png"/>
    <include iconfile="SR5GenDocumentRevision.png"/>
    <include iconfile="SR5EngArticleARRevision.png"/>
    <include iconfile="SR5EngArticleAR.png"/>
    <include iconfile="SR5PlantRevision.png"/>
    <include iconfile="SR5Plant.png"/>
    <include iconfile="SR5MfgObject.png"/>
    <include iconfile="SR5MfgObjectRevision.png"/>
    <include iconfile="SR5CustomerRevision.png"/>
    <include iconfile="SR5Customer.png"/>
    <include iconfile="SR5LLEndItemRevision.png"/>
    <include iconfile="SR5SpareEndItemRevision.png"/>
    <include iconfile="SR5SpareEndItem.png"/>
    <include iconfile="SR5LLEndItem.png"/>
    <include iconfile="SR5SRVEndItem.png"/>
    <include iconfile="SR5SRVEndItemRevision.png"/>
    <include iconfile="SR5LLMajorAssy.png"/>
    <include iconfile="SR5LLMajorAssyRevision.png"/>
    <include iconfile="SR5GenCatPart.png"/>
    <include iconfile="SR5GenCatPartRevision.png"/>
    <include iconfile="SR5Step.png"/>
    <include iconfile="SR5CoatingStructRevision.png"/>
    <include iconfile="SR5CatDefArticle.png"/>
    <include iconfile="SR5CatDefArticleRevision.png"/>
    <include iconfile="SR5CoatingStruct.png"/>
</TcBusinessDataIncludes>
