<?xml version='1.0' ?>
<codeFramework xmlns = "http://www.3ds.ic" xmlns:xsi = "http://www.w3.org/2001/XMLSchema-instance" xsi:schemaLocation = "http://www.3ds.ic ICModel.xsd">
  <prerequisite access = "Protected" name = "System"/>
  <prerequisite access = "Protected" name = "ApplicationFrame"/>
  <prerequisite access = "Protected" name = "Dialog"/>
  <prerequisite access = "Protected" name = "DialogEngine"/>
  <prerequisite access = "Protected" name = "InfInterfaces"/>
  <prerequisite access = "Protected" name = "CV5CAATools"/>
  <prerequisite access = "Protected" name = "CV5CAAErrorMessageHandler"/>
  <prerequisite access = "Protected" name = "CV5CAAEnvironment"/>
  <prerequisite access = "Protected" name = "CV5CAAUtils"/>
</codeFramework>
