<?xml version='1.0' ?>
<codeFramework xmlns = "http://www.3ds.ic" xmlns:xsi = "http://www.w3.org/2001/XMLSchema-instance" xsi:schemaLocation = "http://www.3ds.ic ICModel.xsd">
  <prerequisite access = "Protected" name = "System"/>
  <prerequisite access = "Protected" name = "CV5CAAErrorMessageHandler"/>
  <prerequisite access = "Protected" name = "CV5CAAJournaling"/>
  <prerequisite access = "Protected" name = "CV5CAATools"/>
  <prerequisite access = "Protected" name = "CV5CAAUtils"/>
  <prerequisite access = "Protected" name = "CV5CAAIHM"/>
  <prerequisite access = "Protected" name = "ApplicationFrame"/>
  <prerequisite access = "Protected" name = "InfInterfaces"/>
  <prerequisite access = "Protected" name = "CV5CAASocket"/>
  <prerequisite access = "Protected" name = "CV5CAAEnvironment"/>
  <prerequisite access = "Protected" name = "CV5CAACATxPDM"/>
  <prerequisite access = "Protected" name = "CV5CAAActiveWorkspace"/>
  <prerequisite access = "Public" name = "MecModInterfaces"/>
  <prerequisite access = "Protected" name = "ObjectModelerBase"/>
  <prerequisite access = "Protected" name = "Dialog"/>
  <prerequisite access = "Protected" name = "CV5CAAPowerInput"/>
  <prerequisite access = "Protected" name = "CV5CAAInformationWindow"/>
  <prerequisite access = "Protected" name = "CV5CAASystem"/>
  <prerequisite access = "Protected" name = "CV5CAAAPI"/>
</codeFramework>
