<?xml version='1.0' ?>
<codeFramework xmlns = "http://www.3ds.ic" xmlns:xsi = "http://www.w3.org/2001/XMLSchema-instance" xsi:schemaLocation = "http://www.3ds.ic ICModel.xsd">
  <prerequisite access = "Protected" name = "System"/>
  <prerequisite access = "Protected" name = "ApplicationFrame"/>
  <prerequisite access = "Protected" name = "CATIAApplicationFrame"/>
  <prerequisite access = "Protected" name = "MecModInterfaces"/>
  <prerequisite access = "Protected" name = "ObjectModelerBase"/>
  <prerequisite access = "Protected" name = "ObjectSpecsModeler"/>
  <prerequisite access = "Protected" name = "ProductStructure"/>
  <prerequisite access = "Protected" name = "CV5CAAJournaling"/>
  <prerequisite access = "Protected" name = "CV5CAAToolbar"/>
  <prerequisite access = "Protected" name = "CV5CAASystem"/>
</codeFramework>
