<?xml version='1.0' ?>
<codeFramework xmlns = "http://www.3ds.ic" xmlns:xsi = "http://www.w3.org/2001/XMLSchema-instance" xsi:schemaLocation = "http://www.3ds.ic ICModel.xsd">
  <prerequisite access = "Public" name = "System"/>
  <prerequisite access = "Public" name = "ApplicationFrame"/>
  <prerequisite access = "Public" name = "CATIAApplicationFrame"/>
  <prerequisite access = "Public" name = "Visualization"/>
  <prerequisite access = "Public" name = "VisualizationBase"/>
  <prerequisite access = "Public" name = "Dialog"/>
  <prerequisite access = "Protected" name = "CV5CAATools"/>
  <prerequisite access = "Protected" name = "CV5CAAUtils"/>
  <prerequisite access = "Protected" name = "CV5CAAToolbar"/>
  <prerequisite access = "Protected" name = "CV5CAAWebBrowser"/>
  <prerequisite access = "Protected" name = "CV5CAAAPI"/>
</codeFramework>
