<?xml version='1.0' ?>
<codeFramework xmlns = "http://www.3ds.ic" xmlns:xsi = "http://www.w3.org/2001/XMLSchema-instance" xsi:schemaLocation = "http://www.3ds.ic ICModel.xsd">
  <prerequisite access = "Public" name = "System"/>
  <prerequisite access = "Public" name = "ObjectModelerBase"/>
  <prerequisite access = "Public" name = "DraftingInterfaces"/>
  <prerequisite access = "Public" name = "ObjectSpecsModeler"/>
  <prerequisite access = "Protected" name = "CV5CAAUtils"/>
  <prerequisite access = "Protected" name = "CV5CAATools"/>
  <prerequisite access = "Protected" name = "Visualization"/>
  <prerequisite access = "Public" name = "ApplicationFrame"/>
  <prerequisite access = "Protected" name = "PrintBase"/>
  <prerequisite access = "Protected" name = "CATAnalysisInterfaces"/>
  <prerequisite access = "Protected" name = "DMAPSInterfaces"/>
  <prerequisite access = "Protected" name = "ProductStructure"/>
  <prerequisite access = "Public" name = "KnowledgeInterfaces"/>
  <prerequisite access = "Public" name = "SpaceAnalysisInterfaces"/>
  <prerequisite access = "Public" name = "InfInterfaces"/>
  <prerequisite access = "Protected" name = "MecModInterfaces"/>
  <prerequisite access = "Protected" name = "Dialog"/>
</codeFramework>
