<?xml version='1.0' ?>
<codeFramework xmlns = "http://www.3ds.ic" xmlns:xsi = "http://www.w3.org/2001/XMLSchema-instance" xsi:schemaLocation = "http://www.3ds.ic ICModel.xsd">
  <prerequisite access = "Public" name = "System"/>
  <prerequisite access = "Public" name = "ApplicationFrame"/>
  <prerequisite access = "Public" name = "Dialog"/>
  <prerequisite access = "Public" name = "ComponentsCatalogsInterfaces"/>
  <prerequisite access = "Public" name = "ObjectModelerBase"/>
  <prerequisite access = "Public" name = "CV5CAAJournaling"/>
  <prerequisite access = "Public" name = "CV5CAATools"/>
  <prerequisite access = "Public" name = "CV5CAAUtils"/>
  <prerequisite access = "Public" name = "CV5CAAEnvironment"/>
  <prerequisite access = "Public" name = "CV5CAADMB"/>
  <prerequisite access = "Public" name = "CV5CAASystem"/>
</codeFramework>
