<?xml version='1.0' ?>
<codeFramework xmlns = "http://www.3ds.ic" xmlns:xsi = "http://www.w3.org/2001/XMLSchema-instance" xsi:schemaLocation = "http://www.3ds.ic ICModel.xsd">
  <prerequisite access = "Public" name = "System"/>
  <prerequisite access = "Public" name = "ObjectSpecsModeler"/>
  <prerequisite access = "Public" name = "ObjectModelerBase"/>
  <prerequisite access = "Public" name = "ApplicationFrame"/>
  <prerequisite access = "Public" name = "CATIAApplicationFrame"/>
  <prerequisite access = "Public" name = "ProductStructureInterfaces"/>
  <prerequisite access = "Public" name = "ProductStructure"/>
  <prerequisite access = "Public" name = "ObjectModelerNavigator"/>
</codeFramework>
