<?xml version='1.0' ?>
<codeFramework xmlns = "http://www.3ds.ic" xmlns:xsi = "http://www.w3.org/2001/XMLSchema-instance" xsi:schemaLocation = "http://www.3ds.ic ICModel.xsd">
  <prerequisite access = "Public" name = "System"/>
  <prerequisite access = "Public" name = "ApplicationFrame"/>
  <prerequisite access = "Public" name = "Dialog"/>
  <prerequisite access = "Public" name = "CV5CAATools"/>
  <prerequisite access = "Protected" name = "CV5CAAActiveWorkspace"/>
  <prerequisite access = "Protected" name = "CV5CAAUtils"/>
  <prerequisite access = "Protected" name = "CV5CAAEnvironment"/>
  <prerequisite access = "Protected" name = "CV5CAASocket"/>
  <prerequisite access = "Protected" name = "CV5CAASystem"/>
  <prerequisite access = "Protected" name = "CV5CAAAPI"/>
</codeFramework>
