<?xml version='1.0' ?>
<codeFramework xmlns = "http://www.3ds.ic" xmlns:xsi = "http://www.w3.org/2001/XMLSchema-instance" xsi:schemaLocation = "http://www.3ds.ic ICModel.xsd">
  <prerequisite access = "Protected" name = "System"/>
  <prerequisite access = "Protected" name = "ObjectModelerBase"/>
  <prerequisite access = "Protected" name = "Dialog"/>
  <prerequisite access = "Protected" name = "DialogEngine"/>
  <prerequisite access = "Protected" name = "AutomationInterfaces"/>
  <prerequisite access = "Protected" name = "ApplicationFrame"/>
  <prerequisite access = "Protected" name = "ProductStructureInterfaces"/>
  <prerequisite access = "Protected" name = "Administration"/>
  <prerequisite access = "Protected" name = "InfInterfaces"/>
  <prerequisite access = "Protected" name = "ObjectSpecsModeler"/>
  <prerequisite access = "Protected" name = "ProductStructure"/>
  <prerequisite access = "Protected" name = "KnowledgeInterfaces"/>
  <prerequisite access = "Protected" name = "InteractiveInterfaces"/>
  <prerequisite access = "Protected" name = "Mathematics"/>
  <prerequisite access = "Protected" name = "CV5CAATools"/>
  <prerequisite access = "Protected" name = "CV5CAADMB"/>
  <prerequisite access = "Protected" name = "CV5CAAUtils"/>
  <prerequisite access = "Protected" name = "CV5CAAIHM"/>
  <prerequisite access = "Protected" name = "CV5CAAJournaling"/>
  <prerequisite access = "Protected" name = "CV5CAASocket"/>
  <prerequisite access = "Protected" name = "CV5CAAEnvironment"/>
  <prerequisite access = "Protected" name = "CV5CAAErrorMessageHandler"/>
  <prerequisite access = "Protected" name = "CV5CAAAPI"/>
  <prerequisite access = "Public" name = "CV5CAAEntryPoints"/>
  <prerequisite access = "Public" name = "CATAnalysisInterfaces"/>
  <prerequisite access = "Protected" name = "CV5CAACATxPDM"/>
  <prerequisite access = "Protected" name = "Visualization"/>
  <prerequisite access = "Protected" name = "CV5CAAActiveWorkspace"/>
  <prerequisite access = "Protected" name = "ComponentsCatalogsInterfaces"/>
  <prerequisite access = "Protected" name = "CV5CAACatalogBrowser"/>
  <prerequisite access = "Protected" name = "VisualizationBase"/>
  <prerequisite access = "Protected" name = "CV5CAAInformationWindow"/>
  <prerequisite access = "Protected" name = "SpaceAnalysisInterfaces"/>
  <prerequisite access = "Protected" name = "MecModInterfaces"/>
  <prerequisite access = "Protected" name = "CATMatInterfaces"/>
  <prerequisite access = "Protected" name = "CV5CAAPowerInput"/>
  <prerequisite access = "Protected" name = "DraftingInterfaces"/>
  <prerequisite access = "Protected" name = "CV5CAACmd"/>
  <prerequisite access = "Protected" name = "PrintBase"/>
  <prerequisite access = "Protected" name = "CV5CAASystem"/>
  <prerequisite access = "Protected" name = "ObjectModelerSystem"/>
</codeFramework>
