<?xml version="1.0" encoding="UTF-8"?>
<TcBusinessData xmlns="http://teamcenter.com/BusinessModel/TcBusinessData" Date="Wed May 12 02:42:35 PM 2021">
<Add>
   <Condition name="SR4WF_AdminWorkflows" expression="u.group_name=(&quot;dba&quot;) OR u.group_name=(&quot;Engineering&quot;)"
       secured="false" description="">
     <ConditionParameter name="o" parameterTypeName="WorkspaceObject"/>
     <ConditionParameter name="t" parameterTypeName="ImanType"/>
     <ConditionParameter name="u" parameterTypeName="UserSession"/>
   </Condition>
   <TcGlobalConstantAttach constantName="Fnd0SelectedLocales" value="en_US,de_DE,fr_FR,it_IT,es_ES,ru_RU,pl_PL"/>
   <Functionality name="SR4stadlerrailbase" displayName="Stadler Rail Base Template"
       enabledForVerificationRules="false" description="Component for the template - sr4stadlerrailbase"/>
</Add>
</TcBusinessData>
