<?xml version="1.0" encoding="UTF-8" standalone="no"?>
<!--
    Document   : feature_sr5stadlerrailbase.xml
    Description: This XML is used by TEM to install or upgrade the "sr5stadlerrailbase" solution.
--><feature>
                                            
    
    
    
    
    
    
    
    
    
    <name value="Stadler Rail Base Template SR5"/>
                                            
    
    
    
    
    
    
    
    
    
    <property name="feature_name" value="sr5stadlerrailbase"/>
                                            
    
    
    
    
    
    
    
    
    
    <group value="package"/>
                                            
    
    
    
    
    
    
    
    
    
    <guid value="9D1FDDE62EDECCF9405C301527954139"/>
                                            
    
    
    
    
    
    
    
    
    
    <bundle value="${feature_name}Bundle.xml"/>
                                            
    
    
    
    
    
    
    
    
    
    <description value="${feature_name}.description"/>
                                            
    
    
    
    
    
    
    
    
    
    <include file="dataModelDependency.xml"/>
        
    <relation>
        <depends name="aws2" value="EF6284519D32B8DADCF0F05213AF807B"/>
        <depends name="cm" value="E9B8A3F6B7B53AE540DCC54C13B3C201"/>
        <depends name="integration4catia" value="59B926EA93441782FB857D63FD203531"/>
        <depends name="vendormanagement" value="7EB052BF7B4039A2BB8C9F98009DD22D"/>
        <depends name="activeworkspacebom" value="0F47FD6920230AC9CFDB79C9AC941ADA"/>
        <depends name="Cm1cmaws" value="B75C673EA57FD9D5EBEF544DE7F07F4E"/>
        <depends name="materialmgmt" value="D8B1E07653BB28A09F52C2FAAF18553A"/>
        <depends name="epc0mfgbvrmaturity" value="D7B3144324F7310D36256C4C5DA3AC08"/>
        <depends name="epa0easyplanawinfra" value="91DE8DF96805DF57DBEBBFAD8E7F60D6"/>
        <depends name="mbc0mfgbvrcore" value="BD077B76AD1AB5386EBB132BFC2AB2B3"/>
        <depends name="dma1docmgmtaw" value="7F3FE95ADA658AA457AB15EF5B75B3FA"/>
    </relation>
    <feature>
                                                                                        
        
        
        
        
        
        
        
        
        
        <!--  Feature: Data Model -->
                                                                                        
        
        
        
        
        
        
        
        
        
        <name value="Data Model"/>
                                                                                        
        
        
        
        
        
        
        
        
        
        <property name="feature_id" value="datamodel"/>
                                                                                        
        
        
        
        
        
        
        
        
        
        <property name="bmide_optional" value="false"/>
                                                                                        
        
        
        
        
        
        
        
        
        
        <property name="template_name" value="${feature_name}"/>
                                                                                        
        
        
        
        
        
        
        
        
        
        <property name="template_file" value="${template_name}_template.xml"/>
                                                                                        
        
        
        
        
        
        
        
        
        
        <root value="true"/>
                                                                                        
        
        
        
        
        
        
        
        
        
        <bundle value="${template_name}Bundle.xml"/>
                                                                                        
        
        
        
        
        
        
        
        
        
        <description value="${template_name}.description"/>
                                                                                        
        
        
        
        
        
        
        
        
        
        <guid value="03AF295AA7927D3DA7F510C152B87D5E"/>
                                                                                        
        
        
        
        
        
        
        
        
        
        <include file="coreDataModel2.xml"/>
                                                                                        
        
        
        
        
        
        
        
        
        
        <include file="generatePlmxmlSchema.xml"/>
    </feature>
        
    <dependencyReferences>
        <reference name="foundation" value="8C061DD51E13E0CB9DC4687B1A3348BE"/>
    </dependencyReferences>
</feature>
